{"R": 125.1747090057373, "G": 116.08144913711548, "B": 106.28384256973267}