{"val_loss": [1.580426377909524, 1.4320194907561785, 1.327942087656499, 1.2652563045080671, 1.2714852776289056, 1.185906271409589, 1.15203467320583, 1.1287476995782817, 1.169385564289352, 1.114943189897898, 1.0939578292894074, 1.0665535873086835, 1.071567659913994, 1.04487320061744, 1.0335553753964992, 1.0416257854005362, 1.0464482491018454, 0.9854091815058463, 0.9893888598472113, 1.0246331727563285, 0.9850683339721583, 1.0205701532752416, 0.9642417131562827, 0.9677305610425828, 0.9722877751881936, 0.9755138316549893, 0.9298718460582303, 0.9801305742905823, 0.9465101172351589, 0.938527871455465, 0.9272158502740206, 0.9404481590844689, 0.9276880125233425, 0.9318777657044275, 0.984251894760738, 0.9741622192671587, 0.9859997057494522, 0.947098424051649, 0.9242399664016102, 0.9341414209667295, 0.9627772350250658, 0.9255550908787475, 0.9610364462763751, 0.9424518101203652, 0.9197984743035621, 0.942812066207694, 0.9082914663511561, 0.94044934146427, 0.9657322338846025, 0.9693355930571403, 0.9182944269891213, 0.9375136816684169, 0.9195641286798173, 0.9470275758284773, 0.9182641866647312, 0.9244218860806429, 0.9134983551429896, 0.9539636344931712, 0.925450182386807, 0.9271842560923812, 0.908329727142679, 0.9221114276358586, 0.9650044917578092, 0.9324069800868746, 0.922298671399469, 0.9276095476153268, 0.9473201541051944, 0.9263082387233118, 0.9112007742464043, 0.9348543950568318, 0.9367834568988103, 0.9248864238780897, 0.9362601708277427, 0.9227937846058402, 0.9123685243879912], "val_acc": [0.37109375, 0.41866512572066145, 0.4773186940276805, 0.5050563421062705, 0.4989887316149117, 0.5394394683703561, 0.5492632187573561, 0.5599537705951466, 0.5515746894047392, 0.5691996533138426, 0.5738225946301362, 0.5891360878444964, 0.5787344698107197, 0.5989598382314965, 0.5975151690607365, 0.605605316416992, 0.6021381103813356, 0.6292978908174542, 0.6301646923199102, 0.6096503900649816, 0.6183184050938464, 0.6238081479685667, 0.6370991043395577, 0.6394105750127735, 0.6370991043395577, 0.6350765675004939, 0.6509679283788528, 0.6353655013346459, 0.6385437735103177, 0.6478794642857143, 0.6529904652179166, 0.6506789945447008, 0.6538572667203725, 0.6486564577056368, 0.6446113840275092, 0.646344987032421, 0.6321872291589741, 0.6553019358911324, 0.6665703554230596, 0.6576134065643483, 0.6451892516958131, 0.6550130020569804, 0.6480785900373329, 0.6498121930422448, 0.6628142155790838, 0.6529904652179166, 0.6723490321060992, 0.6555908697252844, 0.647789656203181, 0.6553019358911324, 0.6665703554230596, 0.6593470095692602, 0.6714822306036432, 0.6631031494132359, 0.6674371569255155, 0.6633920832473879, 0.6711932967694912, 0.6555908697252844, 0.6702008928571429, 0.6636810170815398, 0.6683039584279715, 0.6677260907596675, 0.6599248772375641, 0.6703264952670354, 0.6665703554230596, 0.66079167874002, 0.6622363479107799, 0.6691707599304274, 0.6709043629353393, 0.6680150245938195, 0.6671482230913636, 0.675816238115923, 0.6665703554230596, 0.6694596937645794, 0.6723490321060992], "loss": [2.1510019302368164, 1.6693946772578347, 1.5082935033520735, 1.4205993881694732, 1.352806109151823, 1.3119923460830154, 1.270988498294309, 1.2403124930046867, 1.2115382860482755, 1.1894511727054484, 1.166852448169373, 1.1490346682688566, 1.124789860935434, 1.104491501728552, 1.0999769696803603, 1.0783787035282237, 1.0758013604678383, 1.050124470658968, 1.0510403250952238, 1.0342637396422674, 1.0288512150542506, 1.0086262747095338, 1.0008582165946045, 0.9886802389479006, 0.9916686145604723, 0.9745999700393876, 0.9714225301577886, 0.9645452750375233, 0.9581522601992408, 0.9500355674326993, 0.9431813274152776, 0.9361948311039009, 0.9275335047903281, 0.924386448481198, 0.9230653596226353, 0.9177146174355371, 0.9072123880249713, 0.898650461441783, 0.8959638644022211, 0.8914784890480645, 0.8881842142881362, 0.8825889754852585, 0.871498065047616, 0.8721815899026465, 0.8654471931954361, 0.858530217582436, 0.8554112831809898, 0.8516189019706968, 0.8583253109677419, 0.8427574467026684, 0.8442276068278655, 0.8392968658724249, 0.8323113137757001, 0.8306418607856506, 0.8201909734722215, 0.8270837670485195, 0.817673081460107, 0.8143932087942116, 0.810079206913498, 0.8069110452317569, 0.8081654421058422, 0.800569307257299, 0.7947730933302725, 0.7968548231885488, 0.793969586201184, 0.7905955408138006, 0.7843929698133497, 0.7858006563731702, 0.7777093802150412, 0.7764979939439733, 0.7740597230826435, 0.7760034534304793, 0.770289308456063, 0.7698374753764802, 0.7741007181150051], "acc": [0.24986049107142858, 0.34022602428395105, 0.39326825511576075, 0.438822994298996, 0.4676533361250965, 0.4882614324159683, 0.5065253140125042, 0.5203456842062217, 0.5347608551177079, 0.5485112487212476, 0.5565235645745751, 0.5636961617545198, 0.5744725516784984, 0.5851789650362821, 0.5843392463712411, 0.5953255659249843, 0.5958853783815529, 0.6094258423115332, 0.6086561001897471, 0.61163010387765, 0.6189776424730822, 0.6270599349051175, 0.6324131415808811, 0.6360869109036228, 0.6334278016488967, 0.6423498128460752, 0.6411252230690473, 0.646373464866322, 0.64812287881265, 0.651901612993026, 0.6580945383067195, 0.6595990343005615, 0.6638676043859093, 0.663237815323522, 0.6640075575016156, 0.6665267135843278, 0.6716350022658962, 0.671530037408262, 0.6731744865741178, 0.6784577166920283, 0.6756236661052334, 0.6813617438283345, 0.6829012281219577, 0.6880095168243808, 0.6888492355186182, 0.6895839893823323, 0.6921031454587883, 0.6938875476423335, 0.689549001090893, 0.6925579930431243, 0.6950071726305473, 0.6970015044584555, 0.6997655785228502, 0.6979111997251443, 0.7045589727566435, 0.7012000979734374, 0.7038941954361843, 0.7086875896637211, 0.7085476365542713, 0.7127462299837491, 0.7093523669278728, 0.7127462299837491, 0.7170847766060955, 0.7143556908560802, 0.7155452922978739, 0.7175746125110672, 0.7181694132382206, 0.720058780341964, 0.7242223854716607, 0.7221930653356295, 0.7240474440978826, 0.7213533466205375, 0.7245022917239279, 0.7262517056639994, 0.7227528777567452]}